batting,out,runs,balls,mins,fours,sixs,SR,counter
Devon Conway,b Mohammed Shami,1,6,0,0,0,16.66,1
Ruturaj Gaikwad,c Shubman Gill b Joseph,92,50,0,4,9,184.00,1
Moeen Ali,c †Saha b Rashid Khan,23,17,0,4,1,135.29,1
Ben Stokes,c †Saha b Rashid Khan,7,6,0,1,0,116.66,1
Ambati Rayudu,b Little,12,12,0,0,1,100.00,1
Shivam Dube,c Rashid Khan b Mohammed Shami,19,18,0,0,1,105.55,1
Ravindra Jadeja,c Shankar b Joseph,1,2,0,0,0,50.00,1
MS Dhoni (c)†,not out,14,7,0,1,1,200.00,1
Mitchell Santner,not out,1,3,0,0,0,33.33,1
Prabhsimran Singh,c †Rahmanullah Gurbaz b Southee,23,12,10,2,2,191.66,2
Shikhar Dhawan (c),b Varun,40,29,75,6,0,137.93,2
Bhanuka Rajapaksa,c Singh b Yadav,50,32,47,5,2,156.25,2
Jitesh Sharma †,c Yadav b Southee,21,11,13,1,2,190.90,2
Sikandar Raza,c Rana b Narine,16,13,22,1,1,123.07,2
Sam Curran,not out,26,17,27,0,2,152.94,2
M Shahrukh Khan,not out,11,7,11,2,0,157.14,2
KL Rahul (c),c Patel b Sakariya,8,12,21,0,1,66.66,3
Kyle Mayers,b Patel,73,38,53,2,7,192.10,3
Deepak Hooda,c Warner b Kuldeep Yadav,17,18,31,0,0,94.44,3
Krunal Pandya,not out,15,13,51,0,1,115.38,3
Marcus Stoinis,c †Khan b Ahmed,12,10,13,0,1,120.00,3
Nicholas Pooran †,c Shaw b Ahmed,36,21,24,2,3,171.42,3
Ayush Badoni,c †Khan b Sakariya,18,7,10,1,2,257.14,3
Krishnappa Gowtham,not out,6,1,2,0,1,600.00,3
Yashasvi Jaiswal,c Agarwal b Fazalhaq Farooqi,54,37,63,9,0,145.94,4
Jos Buttler,b Fazalhaq Farooqi,54,22,32,7,3,245.45,4
Sanju Samson (c)†,c Abhishek Sharma b Natarajan,55,32,66,3,4,171.87,4
Devdutt Padikkal,b Umran Malik,2,5,10,0,0,40.00,4
Riyan Parag,c Fazalhaq Farooqi b Natarajan,7,6,12,1,0,116.66,4
Shimron Hetmyer,not out,22,16,21,1,1,137.50,4
Ravichandran Ashwin,not out,1,2,9,0,0,50.00,4
Rohit Sharma (c),c †Karthik b Akash Deep,1,10,30,0,0,10.00,5
Ishan Kishan †,c Patel b Mohammed Siraj,10,13,13,2,0,76.92,5
Cameron Green,b Topley,5,4,6,1,0,125.00,5
Suryakumar Yadav,c Shahbaz Ahmed b Bracewell,15,16,35,1,0,93.75,5
Tilak Varma,not out,84,46,85,9,4,182.60,5
Nehal Wadhera,c Kohli b Sharma,21,13,25,1,2,161.53,5
Tim David,b Sharma,4,7,11,0,0,57.14,5
Hrithik Shokeen,c du Plessis b Patel,5,3,12,1,0,166.66,5
Arshad Khan,not out,15,9,19,0,1,166.66,5
Ruturaj Gaikwad,c Wood b Ravi Bishnoi,57,31,55,3,4,183.87,6
Devon Conway,c Pandya b Wood,47,29,62,5,2,162.06,6
Shivam Dube,c Wood b Ravi Bishnoi,27,16,22,1,3,168.75,6
Moeen Ali,st †Pooran b Ravi Bishnoi,19,13,25,3,0,146.15,6
Ben Stokes,c Yash Thakur b Avesh Khan,8,8,16,1,0,100.00,6
Ambati Rayudu,not out,27,14,26,2,2,192.85,6
Ravindra Jadeja,c Ravi Bishnoi b Wood,3,6,13,0,0,50.00,6
MS Dhoni (c)†,c Ravi Bishnoi b Wood,12,3,6,0,2,400.00,6
Mitchell Santner,not out,1,1,2,0,0,100.00,6
David Warner (c),b Joseph,37,32,48,7,0,115.62,7
Prithvi Shaw,c Joseph b Mohammed Shami,7,5,17,1,0,140.00,7
Mitchell Marsh,b Mohammed Shami,4,4,10,1,0,100.00,7
Sarfaraz Khan,c Little b Rashid Khan,30,34,66,2,0,88.23,7
Rilee Rossouw,c Tewatia b Joseph,0,1,4,0,0,0.00,7
Abishek Porel †,b Rashid Khan,20,11,25,0,2,181.81,7
Axar Patel,c Miller b Mohammed Shami,36,22,33,2,3,163.63,7
Aman Hakim Khan,c Pandya b Rashid Khan,8,8,10,0,1,100.00,7
Kuldeep Yadav,not out,1,1,7,0,0,100.00,7
Anrich Nortje,not out,4,2,1,1,0,200.00,7
Prabhsimran Singh,c Buttler b Holder,60,34,49,7,3,176.47,8
Shikhar Dhawan (c),not out,86,56,113,9,3,153.57,8
Bhanuka Rajapaksa,retired hurt,1,1,3,0,0,100.00,8
Jitesh Sharma †,c Parag b Chahal,27,16,31,2,1,168.75,8
Sikandar Raza,b Ashwin,1,2,2,0,0,50.00,8
M Shahrukh Khan,c Buttler b Holder,11,10,23,1,0,110.00,8
Sam Curran,not out,1,2,3,0,0,50.00,8
Rahmanullah Gurbaz †,c Akash Deep b Sharma,57,44,58,6,3,129.54,9
Venkatesh Iyer,b Willey,3,7,18,0,0,42.85,9
Mandeep Singh,b Willey,0,1,2,0,0,0.00,9
Nitish Rana (c),c †Karthik b Bracewell,1,5,17,0,0,20.00,9
Rinku Singh,c †Karthik b Patel,46,33,64,2,3,139.39,9
Andre Russell,c Kohli b Sharma,0,1,2,0,0,0.00,9
Shardul Thakur,c Maxwell b Mohammed Siraj,68,29,45,9,3,234.48,9
Sunil Narine,not out,0,1,6,0,0,0.00,9
Umesh Yadav,not out,6,2,2,1,0,300.00,9
Anmolpreet Singh †,lbw b Pandya,31,26,38,3,1,119.23,10
Mayank Agarwal,c Stoinis b Pandya,8,7,14,1,0,114.28,10
Rahul Tripathi,c Mishra b Yash Thakur,34,41,65,4,0,82.92,10
Aiden Markram (c),b Pandya,0,1,2,0,0,0.00,10
Harry Brook,st †Pooran b Ravi Bishnoi,3,4,5,0,0,75.00,10
Washington Sundar,c Hooda b Mishra,16,28,40,0,0,57.14,10
Abdul Samad,not out,21,10,11,1,2,210.00,10
Adil Rashid,c Hooda b Mishra,4,3,3,1,0,133.33,10
Umran Malik,run out (Hooda/Unadkat),0,0,1,0,0,0,10
Bhuvneshwar Kumar,not out,0,0,4,0,0,0,10
Yashasvi Jaiswal,c & b Mukesh Kumar,60,31,47,11,1,193.54,11
Jos Buttler,c & b Mukesh Kumar,79,51,94,11,1,154.90,11
Sanju Samson (c)†,c Nortje b Kuldeep Yadav,0,4,7,0,0,0.00,11
Riyan Parag,b Powell,7,11,16,0,0,63.63,11
Shimron Hetmyer,not out,39,21,32,1,4,185.71,11
Dhruv Jurel,not out,8,3,7,0,1,266.66,11
Rohit Sharma (c),b Deshpande,21,13,22,3,1,161.53,12
Ishan Kishan †,c Pretorius b Jadeja,32,21,36,5,0,152.38,12
Cameron Green,c & b Jadeja,12,11,23,1,0,109.09,12
Suryakumar Yadav,c †Dhoni b Santner,1,2,6,0,0,50.00,12
Tilak Varma,lbw b Jadeja,22,18,26,2,1,122.22,12
Arshad Khan,lbw b Santner,2,4,4,0,0,50.00,12
Tim David,c Rahane b Deshpande,31,22,35,1,2,140.90,12
Tristan Stubbs,c Gaikwad b Magala,5,10,13,0,0,50.00,12
Hrithik Shokeen,not out,18,13,20,3,0,138.46,12
Piyush Chawla,not out,5,6,15,0,0,83.33,12
Wriddhiman Saha †,c Jagadeesan b Narine,17,17,24,3,0,100.00,13
Shubman Gill,c Yadav b Narine,39,31,55,5,0,125.80,13
Sai Sudharsan,c sub (AS Roy) b Narine,53,38,64,3,2,139.47,13
Abhinav Manohar,b Suyash Sharma,14,8,13,3,0,175.00,13
Vijay Shankar,not out,63,24,33,4,5,262.50,13
David Miller,not out,2,3,13,0,0,66.66,13
Prabhsimran Singh,lbw b Kumar,0,1,2,0,0,0.00,14
Shikhar Dhawan (c),not out,99,66,105,12,5,150.00,14
Matthew Short,lbw b Jansen,1,3,9,0,0,33.33,14
Jitesh Sharma †,c Markram b Jansen,4,9,13,1,0,44.44,14
Sam Curran,c Kumar b Markande,22,15,25,3,1,146.66,14
Sikandar Raza,c Agarwal b Umran Malik,5,6,5,0,0,83.33,14
M Shahrukh Khan,lbw b Markande,4,3,7,1,0,133.33,14
Harpreet Brar,b Umran Malik,1,2,5,0,0,50.00,14
Rahul Chahar,lbw b Markande,0,8,10,0,0,0.00,14
Nathan Ellis,b Markande,0,5,10,0,0,0.00,14
Mohit Rathee,not out,1,2,25,0,0,50.00,14
Virat Kohli,c Stoinis b Mishra,61,44,50,4,4,138.63,15
Faf du Plessis (c),not out,79,46,104,5,5,171.73,15
Glenn Maxwell,b Wood,59,29,54,3,6,203.44,15
Dinesh Karthik †,not out,1,1,2,0,0,100.00,15
David Warner (c),c Meredith b Behrendorff,51,47,94,6,0,108.51,16
Prithvi Shaw,c Green b Shokeen,15,10,17,3,0,150.00,16
Manish Pandey,c Behrendorff b Chawla,26,18,24,5,0,144.44,16
Yash Dhull,c Wadhera b Meredith,2,4,7,0,0,50.00,16
Rovman Powell,lbw b Chawla,4,4,6,1,0,100.00,16
Lalit Yadav,b Chawla,2,4,10,0,0,50.00,16
Axar Patel,c Arshad Khan b Behrendorff,54,25,29,4,5,216.00,16
Abishek Porel †,c Green b Behrendorff,1,3,8,0,0,33.33,16
Kuldeep Yadav,run out (Wadhera),0,1,2,0,0,0.00,16
Anrich Nortje,b Meredith,5,3,7,1,0,166.66,16
Mustafizur Rahman,not out,1,1,5,0,0,100.00,16
Yashasvi Jaiswal,c Dube b Deshpande,10,8,9,2,0,125.00,17
Jos Buttler,b Ali,52,36,79,1,3,144.44,17
Devdutt Padikkal,c Conway b Jadeja,38,26,33,5,0,146.15,17
Sanju Samson (c)†,b Jadeja,0,2,2,0,0,0.00,17
Ravichandran Ashwin,c Magala b Akash Singh,30,22,29,1,2,136.36,17
Shimron Hetmyer,not out,30,18,28,2,2,166.66,17
Dhruv Jurel,c Dube b Akash Singh,4,6,15,0,0,66.66,17
Jason Holder,c Conway b Deshpande,0,1,6,0,0,0.00,17
Adam Zampa,run out (Theekshana/†Dhoni),1,1,2,0,0,100.00,17
Prabhsimran Singh,c Rashid Khan b Mohammed Shami,0,2,3,0,0,0.00,18
Shikhar Dhawan (c),c Joseph b Little,8,8,20,2,0,100.00,18
Matthew Short,b Rashid Khan,36,24,38,6,1,150.00,18
Bhanuka Rajapaksa,c Shubman Gill b Joseph,20,26,73,1,0,76.92,18
Jitesh Sharma †,c †Saha b Sharma,25,23,29,5,0,108.69,18
Sam Curran,c Shubman Gill b Sharma,22,22,33,1,1,100.00,18
M Shahrukh Khan,run out (Miller/†Saha),22,9,19,1,2,244.44,18
Harpreet Brar,not out,8,5,12,0,1,160.00,18
Rishi Dhawan,run out (†Saha),1,1,4,0,0,100.00,18
Harry Brook,not out,100,55,99,12,3,181.81,19
Mayank Agarwal,c Varun b Russell,9,13,22,0,0,69.23,19
Rahul Tripathi,c †Rahmanullah Gurbaz b Russell,9,4,6,2,0,225.00,19
Aiden Markram (c),c Russell b Varun,50,26,32,2,5,192.30,19
Abhishek Sharma,c Thakur b Russell,32,17,28,3,2,188.23,19
Heinrich Klaasen †,not out,16,6,13,2,1,266.66,19
Virat Kohli,c Dhull b Lalit Yadav,50,34,46,6,1,147.05,20
Faf du Plessis (c),c Aman Hakim Khan b Marsh,22,16,21,3,1,137.50,20
Mahipal Lomror,c †Abishek Porel b Marsh,26,18,38,0,2,144.44,20
Glenn Maxwell,c Warner b Kuldeep Yadav,24,14,25,0,3,171.42,20
Harshal Patel,c †Abishek Porel b Patel,6,4,9,0,1,150.00,20
Shahbaz Ahmed,not out,20,12,31,3,0,166.66,20
Dinesh Karthik †,c Lalit Yadav b Kuldeep Yadav,0,1,2,0,0,0.00,20
Anuj Rawat,not out,15,22,26,1,0,68.18,20
KL Rahul (c),c sub (NT Ellis) b Arshdeep Singh,74,56,101,8,1,132.14,21
Kyle Mayers,c Harpreet Singh b Harpreet Brar,29,23,34,1,3,126.08,21
Deepak Hooda,lbw b Sikandar Raza,2,3,7,0,0,66.66,21
Krunal Pandya,c Shahrukh Khan b Rabada,18,17,30,2,0,105.88,21
Nicholas Pooran †,c Shahrukh Khan b Rabada,0,1,5,0,0,0.00,21
Marcus Stoinis,c †Sharma b Curran,15,11,22,0,2,136.36,21
Ayush Badoni,not out,5,6,17,0,0,83.33,21
Krishnappa Gowtham,c Sikandar Raza b Curran,1,2,7,0,0,50.00,21
Yudhvir Singh,c Shahrukh Khan b Curran,0,1,3,0,0,0.00,21
Ravi Bishnoi,not out,3,1,3,0,0,300.00,21
Rahmanullah Gurbaz †,c Jansen b Chawla,8,12,39,0,0,66.66,22
Narayan Jagadeesan,c Shokeen b Green,0,5,12,0,0,0.00,22
Venkatesh Iyer,c Jansen b Meredith,104,51,82,6,9,203.92,22
Nitish Rana (c),c sub (Ramandeep Singh) b Shokeen,5,10,13,0,0,50.00,22
Shardul Thakur,c Tilak Varma b Shokeen,13,11,23,1,0,118.18,22
Rinku Singh,c Wadhera b Jansen,18,18,32,2,0,100.00,22
Andre Russell,not out,21,11,18,3,1,190.90,22
Sunil Narine,not out,2,2,9,0,0,100.00,22
Wriddhiman Saha †,c & b Boult,4,3,4,1,0,133.33,23
Shubman Gill,c Buttler b Sandeep Sharma,45,34,70,4,1,132.35,23
Sai Sudharsan,run out (Buttler/†Samson),20,19,23,2,0,105.26,23
Hardik Pandya (c),c Jaiswal b Chahal,28,19,22,3,1,147.36,23
David Miller,c Hetmyer b Sandeep Sharma,46,30,43,3,2,153.33,23
Abhinav Manohar,c Padikkal b Zampa,27,13,17,0,3,207.69,23
Rahul Tewatia,not out,1,1,10,0,0,100.00,23
Rashid Khan,run out (Buttler/Sandeep Sharma),1,1,4,0,0,100.00,23
Alzarri Joseph,not out,0,0,2,0,0,0,23
Ruturaj Gaikwad,c Parnell b Mohammed Siraj,3,6,12,0,0,50.00,24
Devon Conway,b Patel,83,45,73,6,6,184.44,24
Ajinkya Rahane,b de Silva,37,20,33,3,2,185.00,24
Shivam Dube,c Mohammed Siraj b Parnell,52,27,35,2,5,192.59,24
Ambati Rayudu,c †Karthik b Vyshak,14,6,11,1,1,233.33,24
Moeen Ali,not out,19,9,24,0,2,211.11,24
Ravindra Jadeja,c Prabhudessai b Maxwell,10,8,17,0,1,125.00,24
MS Dhoni (c)†,not out,1,1,2,0,0,100.00,24
Rohit Sharma (c),c Markram b Natarajan,28,18,22,6,0,155.55,25
Ishan Kishan †,c Markram b Jansen,38,31,51,3,2,122.58,25
Cameron Green,not out,64,40,75,6,2,160.00,25
Suryakumar Yadav,c Markram b Jansen,7,3,6,0,1,233.33,25
Tilak Varma,c Agarwal b Kumar,37,17,24,2,4,217.64,25
Tim David,run out (Abhishek Sharma/Natarajan),16,11,19,2,0,145.45,25
KL Rahul (c),c Buttler b Holder,39,32,51,4,1,121.87,26
Kyle Mayers,b Ashwin,51,42,69,4,3,121.42,26
Ayush Badoni,b Boult,1,4,6,0,0,25.00,26
Deepak Hooda,c Hetmyer b Ashwin,2,4,7,0,0,50.00,26
Marcus Stoinis,c †Samson b Sandeep Sharma,21,16,31,2,0,131.25,26
Nicholas Pooran †,run out (†Samson),29,20,27,2,1,145.00,26
Krunal Pandya,not out,4,2,4,1,0,200.00,26
Yudhvir Singh,run out (Hetmyer/†Samson),1,1,2,0,0,100.00,26
Virat Kohli (c),c †Sharma b Harpreet Brar,59,47,72,5,1,125.53,27
Faf du Plessis,c Curran b Ellis,84,56,78,5,5,150.00,27
Glenn Maxwell,c Taide b Harpreet Brar,0,1,1,0,0,0.00,27
Dinesh Karthik †,c Taide b Arshdeep Singh,7,5,16,1,0,140.00,27
Mahipal Lomror,not out,7,9,15,1,0,77.77,27
Shahbaz Ahmed,not out,5,3,5,0,0,166.66,27
Jason Roy,c Aman Hakim Khan b Kuldeep Yadav,43,39,74,5,1,110.25,28
Litton Das †,c Lalit Yadav b Mukesh Kumar,4,4,13,1,0,100.00,28
Venkatesh Iyer,c Marsh b Nortje,0,2,9,0,0,0.00,28
Nitish Rana (c),c Mukesh Kumar b Sharma,4,7,11,1,0,57.14,28
Mandeep Singh,b Patel,12,11,16,0,1,109.09,28
Rinku Singh,c Lalit Yadav b Patel,6,8,9,1,0,75.00,28
Sunil Narine,c Warner b Sharma,4,6,6,1,0,66.66,28
Andre Russell,not out,38,31,49,1,4,122.58,28
Anukul Roy,lbw b Kuldeep Yadav,0,1,2,0,0,0.00,28
Umesh Yadav,c & b Nortje,3,5,5,0,0,60.00,28
Varun Chakravarthy,run out (sub [YV Dhull]/†Salt),1,6,28,0,0,16.66,28
Harry Brook,c Gaikwad b Akash Singh,18,13,23,3,0,138.46,29
Abhishek Sharma,c Rahane b Jadeja,34,26,43,3,1,130.76,29
Rahul Tripathi,c Akash Singh b Jadeja,21,21,31,1,1,100.00,29
Aiden Markram (c),c †Dhoni b Theekshana,12,12,15,1,0,100.00,29
Heinrich Klaasen †,c Gaikwad b Pathirana,17,16,27,1,0,106.25,29
Mayank Agarwal,st †Dhoni b Jadeja,2,4,6,0,0,50.00,29
Marco Jansen,not out,17,22,29,1,0,77.27,29
Washington Sundar,run out (†Dhoni),9,6,14,1,0,150.00,29
Wriddhiman Saha †,c Hooda b Pandya,47,37,51,6,0,127.02,30
Shubman Gill,c Ravi Bishnoi b Pandya,0,2,9,0,0,0.00,30
Hardik Pandya (c),c Rahul b Stoinis,66,50,89,2,4,132.00,30
Abhinav Manohar,c Naveen-ul-Haq b Mishra,3,5,7,0,0,60.00,30
Vijay Shankar,b Naveen-ul-Haq,10,12,17,1,0,83.33,30
David Miller,c Hooda b Stoinis,6,12,28,0,0,50.00,30
Rahul Tewatia,not out,2,2,4,0,0,100.00,30
Matthew Short,c Chawla b Green,11,10,15,2,0,110.00,31
Prabhsimran Singh,lbw b Tendulkar,26,17,37,1,2,152.94,31
Atharva Taide,b Chawla,29,17,38,3,1,170.58,31
Liam Livingstone,st †Ishan Kishan b Chawla,10,12,12,0,1,83.33,31
Harpreet Singh,b Green,41,28,47,4,2,146.42,31
Sam Curran (c),c & b Archer,55,29,51,5,4,189.65,31
Jitesh Sharma †,b Behrendorff,25,7,12,0,4,357.14,31
M Shahrukh Khan,not out,0,0,6,0,0,0,31
Harpreet Brar,run out (Tilak Varma/†Ishan Kishan),5,2,3,1,0,250.00,31
Virat Kohli (c),lbw b Boult,0,1,2,0,0,0.00,32
Faf du Plessis,run out (Jaiswal),62,39,71,8,2,158.97,32
Shahbaz Ahmed,c Jaiswal b Boult,2,4,10,0,0,50.00,32
Glenn Maxwell,c Holder b Ashwin,77,44,66,6,4,175.00,32
Mahipal Lomror,c Padikkal b Chahal,8,6,16,1,0,133.33,32
Dinesh Karthik †,c Buttler b Sandeep Sharma,16,13,28,2,0,123.07,32
Suyash Prabhudessai,run out (Jaiswal/†Samson),0,2,5,0,0,0.00,32
Wanindu Hasaranga,run out (†Samson/Sandeep Sharma),6,7,14,0,0,85.71,32
David Willey,not out,4,2,8,1,0,200.00,32
Vijaykumar Vyshak,c Hetmyer b Sandeep Sharma,0,1,2,0,0,0.00,32
Mohammed Siraj,not out,1,1,4,0,0,100.00,32
Ruturaj Gaikwad,b Suyash Sharma,35,20,35,2,3,175.00,33
Devon Conway,c Wiese b Varun,56,40,56,4,3,140.00,33
Ajinkya Rahane,not out,71,29,70,6,5,244.82,33
Shivam Dube,c Roy b Khejroliya,50,21,31,2,5,238.09,33
Ravindra Jadeja,c Singh b Khejroliya,18,8,13,0,2,225.00,33
MS Dhoni (c)†,not out,2,3,4,0,0,66.66,33
David Warner (c),c Brook b Washington Sundar,21,20,39,2,1,105.00,34
Phil Salt †,c †Klaasen b Kumar,0,1,4,0,0,0.00,34
Mitchell Marsh,lbw b Natarajan,25,15,22,5,0,166.66,34
Sarfaraz Khan,c Kumar b Washington Sundar,10,9,16,0,1,111.11,34
Manish Pandey,run out (Washington Sundar/†Klaasen),34,27,53,2,0,125.92,34
Aman Hakim Khan,c Abhishek Sharma b Washington Sundar,4,2,3,1,0,200.00,34
Axar Patel,b Kumar,34,34,43,4,0,100.00,34
Ripal Patel,run out (†Klaasen),5,6,13,0,0,83.33,34
Anrich Nortje,run out (Umran Malik/†Klaasen),2,2,7,0,0,100.00,34
Kuldeep Yadav,not out,4,3,5,1,0,133.33,34
Ishant Sharma,not out,1,1,2,0,0,100.00,34
Wriddhiman Saha †,c †Ishan Kishan b Tendulkar,4,7,13,0,0,57.14,35
Shubman Gill,c Yadav b Kartikeya,56,34,57,7,1,164.70,35
Hardik Pandya (c),c Yadav b Chawla,13,14,23,1,0,92.85,35
Vijay Shankar,c David b Chawla,19,16,27,1,1,118.75,35
David Miller,c Yadav b Behrendorff,46,22,47,2,4,209.09,35
Abhinav Manohar,c Behrendorff b Meredith,42,21,30,3,3,200.00,35
Rahul Tewatia,not out,20,5,13,0,3,400.00,35
Rashid Khan,not out,2,1,2,0,0,200.00,35
Jason Roy,b Vyshak,56,29,50,4,5,193.10,36
Narayan Jagadeesan †,c Willey b Vyshak,27,29,44,4,0,93.10,36
Venkatesh Iyer,c Maxwell b de Silva,31,26,44,3,0,119.23,36
Nitish Rana (c),c Vyshak b de Silva,48,21,28,3,4,228.57,36
Andre Russell,b Mohammed Siraj,1,2,10,0,0,50.00,36
Rinku Singh,not out,18,10,12,2,1,180.00,36
David Wiese,not out,12,3,5,0,2,400.00,36
Yashasvi Jaiswal,c Rahane b Deshpande,77,43,67,8,4,179.06,37
Jos Buttler,c Dube b Jadeja,27,21,40,4,0,128.57,37
Sanju Samson (c)†,c Gaikwad b Deshpande,17,17,21,1,0,100.00,37
Shimron Hetmyer,b Theekshana,8,10,16,0,0,80.00,37
Dhruv Jurel,run out (†Dhoni),34,15,32,3,2,226.66,37
Devdutt Padikkal,not out,27,13,22,5,0,207.69,37
Ravichandran Ashwin,not out,1,1,3,0,0,100.00,37
KL Rahul (c),c Shahrukh Khan b Rabada,12,9,19,1,1,133.33,38
Kyle Mayers,c Dhawan b Rabada,54,24,31,7,4,225.00,38
Ayush Badoni,c Chahar b Livingstone,43,24,49,3,3,179.16,38
Marcus Stoinis,c †Sharma b Curran,72,40,63,6,5,180.00,38
Nicholas Pooran †,lbw b Arshdeep Singh,45,19,36,7,1,236.84,38
Deepak Hooda,not out,11,6,12,2,0,183.33,38
Krunal Pandya,not out,5,2,3,1,0,250.00,38
Narayan Jagadeesan †,lbw b Mohammed Shami,19,15,16,4,0,126.66,39
Rahmanullah Gurbaz,c Rashid Khan b Noor Ahmad,81,39,80,5,7,207.69,39
Shardul Thakur,c Sharma b Mohammed Shami,0,4,13,0,0,0.00,39
Venkatesh Iyer,lbw b Little,11,14,27,0,0,78.57,39
Nitish Rana (c),c Tewatia b Little,4,3,5,1,0,133.33,39
Rinku Singh,c Little b Noor Ahmad,19,20,33,0,1,95.00,39
Andre Russell,c Tewatia b Mohammed Shami,34,19,22,2,3,178.94,39
David Wiese,not out,8,6,13,0,1,133.33,39
Abhishek Sharma,c Warner b AR Patel,67,36,62,12,1,186.11,40
Mayank Agarwal,c †Salt b Sharma,5,6,15,1,0,83.33,40
Rahul Tripathi,c Pandey b Marsh,10,6,12,0,1,166.66,40
Aiden Markram (c),c AR Patel b Marsh,8,13,21,0,0,61.53,40
Harry Brook,c AR Patel b Marsh,0,2,3,0,0,0.00,40
Heinrich Klaasen †,not out,53,27,50,2,4,196.29,40
Abdul Samad,c †Salt b Marsh,28,21,21,1,2,133.33,40
Akeal Hosein,not out,16,10,17,1,1,160.00,40
Ruturaj Gaikwad,st †Sharma b Sikandar Raza,37,31,47,4,1,119.35,41
Devon Conway,not out,92,52,103,16,1,176.92,41
Shivam Dube,c Shahrukh Khan b Arshdeep Singh,28,17,23,1,2,164.70,41
Moeen Ali,st †Sharma b Chahar,10,6,12,2,0,166.66,41
Ravindra Jadeja,c Livingstone b Curran,12,10,15,0,0,120.00,41
MS Dhoni (c)†,not out,13,4,8,0,2,325.00,41
Yashasvi Jaiswal,c & b Arshad Khan,124,62,112,16,8,200.00,42
Jos Buttler,c sub (Ramandeep Singh) b Chawla,18,19,40,2,1,94.73,42
Sanju Samson (c)†,c Tilak Varma b Arshad Khan,14,10,15,1,1,140.00,42
Devdutt Padikkal,b Chawla,2,4,6,0,0,50.00,42
Jason Holder,c David b Archer,11,9,18,0,1,122.22,42
Shimron Hetmyer,c Yadav b Arshad Khan,8,9,14,0,1,88.88,42
Dhruv Jurel,c Tilak Varma b Meredith,2,3,6,0,0,66.66,42
Ravichandran Ashwin,not out,8,5,20,1,0,160.00,42
Trent Boult,not out,0,0,4,0,0,0,42
Virat Kohli,st †Pooran b Ravi Bishnoi,31,30,42,3,0,103.33,43
Faf du Plessis (c),c Pandya b Mishra,44,40,83,1,1,110.00,43
Anuj Rawat,c Mayers b Gowtham,9,11,13,0,0,81.81,43
Glenn Maxwell,lbw b Ravi Bishnoi,4,5,8,0,0,80.00,43
Suyash Prabhudessai,c Gowtham b Mishra,6,7,10,0,0,85.71,43
Dinesh Karthik †,run out (Yash Thakur),16,11,25,1,1,145.45,43
Mahipal Lomror,lbw b Naveen-ul-Haq,3,4,7,0,0,75.00,43
Wanindu Hasaranga,not out,8,7,14,1,0,114.28,43
Karn Sharma,c Gowtham b Naveen-ul-Haq,2,2,5,0,0,100.00,43
Mohammed Siraj,c †Pooran b Naveen-ul-Haq,0,1,3,0,0,0.00,43
Josh Hazlewood,not out,1,2,3,0,0,50.00,43
Phil Salt †,c Miller b Mohammed Shami,0,1,2,0,0,0.00,44
David Warner (c),run out (Rashid Khan),2,2,10,0,0,100.00,44
Priyam Garg,c †Saha b Mohammed Shami,10,14,26,0,0,71.42,44
Rilee Rossouw,c †Saha b Mohammed Shami,8,6,9,2,0,133.33,44
Manish Pandey,c †Saha b Mohammed Shami,1,4,7,0,0,25.00,44
Axar Patel,c Rashid Khan b Sharma,27,30,43,2,1,90.00,44
Aman Hakim Khan,c Manohar b Rashid Khan,51,44,62,3,3,115.90,44
Ripal Patel,c Pandya b Sharma,23,13,32,2,1,176.92,44
Anrich Nortje,not out,3,6,8,0,0,50.00,44
Kuldeep Yadav,not out,0,1,1,0,0,0.00,44
Prabhsimran Singh,c †Ishan Kishan b Arshad Khan,9,7,8,1,0,128.57,45
Shikhar Dhawan (c),st †Ishan Kishan b Chawla,30,20,35,5,0,150.00,45
Matthew Short,b Chawla,27,26,46,2,1,103.84,45
Liam Livingstone,not out,82,42,65,7,4,195.23,45
Jitesh Sharma †,not out,49,27,46,5,2,181.48,45
Jason Roy,c Agarwal b Kartik Tyagi,20,19,27,4,0,105.26,46
Rahmanullah Gurbaz †,c Brook b Jansen,0,1,7,0,0,0.00,46
Venkatesh Iyer,c †Klaasen b Jansen,7,4,6,1,0,175.00,46
Nitish Rana (c),c & b Markram,42,31,46,3,3,135.48,46
Rinku Singh,c Abdul Samad b Natarajan,46,35,67,4,1,131.42,46
Andre Russell,c Natarajan b Markande,24,15,13,1,2,160.00,46
Sunil Narine,c Agarwal b Kumar,1,2,6,0,0,50.00,46
Shardul Thakur,c Abdul Samad b Natarajan,8,6,9,1,0,133.33,46
Anukul Roy,not out,13,7,11,2,0,185.71,46
Harshit Rana,run out (†Klaasen/Natarajan),0,1,2,0,0,0.00,46
Vaibhav Arora,not out,2,1,2,0,0,200.00,46
Yashasvi Jaiswal,run out (Sharma/Rashid Khan),14,11,31,1,1,127.27,47
Jos Buttler,c Sharma b Pandya,8,6,10,2,0,133.33,47
Sanju Samson (c)†,c Pandya b Little,30,20,27,3,1,150.00,47
Devdutt Padikkal,b Noor Ahmad,12,12,30,1,0,100.00,47
Ravichandran Ashwin,b Rashid Khan,2,6,6,0,0,33.33,47
Riyan Parag,lbw b Rashid Khan,4,6,8,0,0,66.66,47
Shimron Hetmyer,lbw b Rashid Khan,7,13,29,0,0,53.84,47
Dhruv Jurel,lbw b Noor Ahmad,9,8,13,1,0,112.50,47
Trent Boult,b Mohammed Shami,15,11,15,1,1,136.36,47
Adam Zampa,run out (Manohar),7,9,19,0,0,77.77,47
Sandeep Sharma,not out,2,5,8,0,0,40.00,47
Cameron Green,b Deshpande,6,4,10,1,0,150.00,48
Ishan Kishan †,c Theekshana b Chahar,7,9,15,1,0,77.77,48
Rohit Sharma (c),c Jadeja b Chahar,0,3,9,0,0,0.00,48
Nehal Wadhera,b Pathirana,64,51,68,8,1,125.49,48
Suryakumar Yadav,b Jadeja,26,22,35,3,0,118.18,48
Tristan Stubbs,c Jadeja b Pathirana,20,21,44,2,0,95.23,48
Tim David,c Gaikwad b Deshpande,2,4,7,0,0,50.00,48
Arshad Khan,c Gaikwad b Pathirana,1,2,6,0,0,50.00,48
Jofra Archer,not out,3,2,5,0,0,150.00,48
Piyush Chawla,not out,2,2,2,0,0,100.00,48
Virat Kohli,c Ahmed b Mukesh Kumar,55,46,74,5,0,119.56,49
Faf du Plessis (c),c AR Patel b Marsh,45,32,46,5,1,140.62,49
Glenn Maxwell,c †Salt b Marsh,0,1,2,0,0,0.00,49
Mahipal Lomror,not out,54,29,53,6,3,186.20,49
Dinesh Karthik †,c Warner b Ahmed,11,9,22,0,1,122.22,49
Anuj Rawat,not out,8,3,5,0,1,266.66,49
Wriddhiman Saha †,c sub (PN Mankad) b Avesh Khan,81,43,59,10,4,188.37,50
Shubman Gill,not out,94,51,96,2,7,184.31,50
Hardik Pandya (c),c Pandya b Mohsin Khan,25,15,20,1,2,166.66,50
David Miller,not out,21,12,19,2,1,175.00,50
Yashasvi Jaiswal,c Natarajan b Jansen,35,18,27,5,2,194.44,51
Jos Buttler,lbw b Kumar,95,59,84,10,4,161.01,51
Sanju Samson (c)†,not out,66,38,66,4,5,173.68,51
Shimron Hetmyer,not out,7,5,8,0,0,140.00,51
Prabhsimran Singh,c †Rahmanullah Gurbaz b Harshit Rana,12,8,11,3,0,150.00,52
Shikhar Dhawan (c),c Arora b Rana,57,47,80,9,1,121.27,52
Bhanuka Rajapaksa,c †Rahmanullah Gurbaz b Harshit Rana,0,3,11,0,0,0.00,52
Liam Livingstone,lbw b Varun,15,9,16,3,0,166.66,52
Jitesh Sharma †,c †Rahmanullah Gurbaz b Varun,21,18,34,0,2,116.66,52
Sam Curran,c †Rahmanullah Gurbaz b Suyash Sharma,4,9,25,0,0,44.44,52
Rishi Dhawan,b Varun,19,11,12,1,1,172.72,52
M Shahrukh Khan,not out,21,8,20,3,1,262.50,52
Harpreet Brar,not out,17,9,17,2,1,188.88,52
Virat Kohli,c †Ishan Kishan b Behrendorff,1,4,7,0,0,25.00,53
Faf du Plessis (c),c sub (Vishnu Vinod) b Green,65,41,78,5,3,158.53,53
Anuj Rawat,c Green b Behrendorff,6,4,8,1,0,150.00,53
Glenn Maxwell,c Wadhera b Behrendorff,68,33,53,8,4,206.06,53
Mahipal Lomror,b Kartikeya,1,3,6,0,0,33.33,53
Dinesh Karthik †,c Wadhera b Jordan,30,18,31,4,1,166.66,53
Kedar Jadhav,not out,12,10,33,1,0,120.00,53
Wanindu Hasaranga,not out,12,8,11,2,0,150.00,53
Ruturaj Gaikwad,c Aman Hakim Khan b AR Patel,24,18,39,4,0,133.33,54
Devon Conway,lbw b AR Patel,10,13,28,1,0,76.92,54
Ajinkya Rahane,c & b Lalit Yadav,21,20,31,2,0,105.00,54
Moeen Ali,c Marsh b Kuldeep Yadav,7,12,13,0,0,58.33,54
Shivam Dube,c Warner b Marsh,25,12,24,0,3,208.33,54
Ambati Rayudu,c RV Patel b Ahmed,23,17,28,1,1,135.29,54
Ravindra Jadeja,c AR Patel b Marsh,21,16,30,1,1,131.25,54
MS Dhoni (c)†,c Warner b Marsh,20,9,22,1,2,222.22,54
Deepak Chahar,not out,1,2,6,0,0,50.00,54
Tushar Deshpande,not out,0,1,2,0,0,0.00,54
Jason Roy,c Hetmyer b Boult,10,8,14,2,0,125.00,55
Rahmanullah Gurbaz †,c Sandeep Sharma b Boult,18,12,23,1,2,150.00,55
Venkatesh Iyer,c Boult b Chahal,57,42,68,2,4,135.71,55
Nitish Rana (c),c Hetmyer b Chahal,22,17,26,2,0,129.41,55
Andre Russell,c Ashwin b Asif,10,10,19,0,1,100.00,55
Rinku Singh,c Root b Chahal,16,18,30,0,1,88.88,55
Shardul Thakur,lbw b Chahal,1,2,5,0,0,50.00,55
Anukul Roy,not out,6,6,20,0,0,100.00,55
Sunil Narine,c Root b Sandeep Sharma,6,5,9,1,0,120.00,55
Ishan Kishan †,lbw b Rashid Khan,31,20,38,4,1,155.00,56
Rohit Sharma (c),c Tewatia b Rashid Khan,29,18,34,3,2,161.11,56
Suryakumar Yadav,not out,103,49,73,11,6,210.20,56
Nehal Wadhera,b Rashid Khan,15,7,12,1,1,214.28,56
Vishnu Vinod,c Manohar b Sharma,30,20,36,2,2,150.00,56
Tim David,c & b Rashid Khan,5,3,6,1,0,166.66,56
Cameron Green,not out,3,3,18,0,0,100.00,56
Anmolpreet Singh,c & b Mishra,36,27,46,7,0,133.33,57
Abhishek Sharma,c †de Kock b Yudhvir Singh,7,5,14,1,0,140.00,57
Rahul Tripathi,c †de Kock b Yash Thakur,20,13,19,4,0,153.84,57
Aiden Markram (c),st †de Kock b Pandya,28,20,28,2,1,140.00,57
Heinrich Klaasen †,c Mankad b Avesh Khan,47,29,52,3,3,162.06,57
Glenn Phillips,b Pandya,0,1,2,0,0,0.00,57
Abdul Samad,not out,37,25,41,1,4,148.00,57
Bhuvneshwar Kumar,not out,2,1,6,0,0,200.00,57
Prabhsimran Singh,b Mukesh Kumar,103,65,87,10,6,158.46,58
Shikhar Dhawan (c),c Rossouw b Sharma,7,5,9,0,1,140.00,58
Liam Livingstone,b Sharma,4,5,15,1,0,80.00,58
Jitesh Sharma †,b Patel,5,5,8,1,0,100.00,58
Sam Curran,c Aman Hakim Khan b Dubey,20,24,39,1,0,83.33,58
Harpreet Brar,c Marsh b Kuldeep Yadav,2,5,9,0,0,40.00,58
M Shahrukh Khan,run out (†Salt/Ahmed),2,4,22,0,0,50.00,58
Sikandar Raza,not out,11,7,11,0,1,157.14,58
Rishi Dhawan,not out,0,0,1,0,0,0,58
Virat Kohli,c Jaiswal b Asif,18,19,31,1,0,94.73,59
Faf du Plessis (c),c Jaiswal b Asif,55,44,65,3,2,125.00,59
Glenn Maxwell,b Sandeep Sharma,54,33,51,5,3,163.63,59
Mahipal Lomror,c Jurel b Zampa,1,2,5,0,0,50.00,59
Dinesh Karthik †,lbw b Zampa,0,2,3,0,0,0.00,59
Michael Bracewell,not out,9,9,21,0,0,100.00,59
Anuj Rawat,not out,29,11,12,3,2,263.63,59
Ruturaj Gaikwad,c Arora b Varun,17,13,19,2,0,130.76,60
Devon Conway,c Singh b Thakur,30,28,51,3,0,107.14,60
Ajinkya Rahane,c Roy b Varun,16,11,24,1,1,145.45,60
Ambati Rayudu,b Narine,4,7,14,0,0,57.14,60
Shivam Dube,not out,48,34,55,1,3,141.17,60
Moeen Ali,b Narine,1,2,5,0,0,50.00,60
Ravindra Jadeja,c Varun b Arora,20,24,43,0,1,83.33,60
MS Dhoni (c)†,not out,2,3,4,0,0,66.66,60
Wriddhiman Saha †,c Abhishek Sharma b Kumar,0,3,4,0,0,0.00,61
Shubman Gill,c Abdul Samad b Kumar,101,58,100,13,1,174.13,61
Sai Sudharsan,c Natarajan b Jansen,47,36,70,6,1,130.55,61
Hardik Pandya (c),c Tripathi b Kumar,8,6,7,1,0,133.33,61
David Miller,c Markram b Natarajan,7,5,8,1,0,140.00,61
Rahul Tewatia,c Jansen b Fazalhaq Farooqi,3,3,7,0,0,100.00,61
Dasun Shanaka,not out,9,7,12,1,0,128.57,61
Rashid Khan,c †Klaasen b Kumar,0,1,2,0,0,0.00,61
Noor Ahmad,run out (†Klaasen/Kumar),0,1,1,0,0,0.00,61
Mohammed Shami,c Jansen b Kumar,0,1,3,0,0,0.00,61
Mohit Sharma,not out,0,1,1,0,0,0.00,61
Deepak Hooda,c David b Behrendorff,5,7,12,0,0,71.42,62
Quinton de Kock †,c †Ishan Kishan b Chawla,16,15,31,0,2,106.66,62
Prerak Mankad,c †Ishan Kishan b Behrendorff,0,1,2,0,0,0.00,62
Krunal Pandya (c),retired hurt,49,42,71,1,1,116.66,62
Marcus Stoinis,not out,89,47,80,4,8,189.36,62
Nicholas Pooran,not out,8,8,25,1,0,100.00,62
David Warner (c),c Dhawan b Curran,46,31,53,5,2,148.38,63
Prithvi Shaw,c Taide b Curran,54,38,74,7,1,142.10,63
Rilee Rossouw,not out,82,37,44,6,6,221.62,63
Phil Salt †,not out,26,14,21,2,2,185.71,63
Abhishek Sharma,c Lomror b Bracewell,11,14,22,2,0,78.57,64
Rahul Tripathi,c Patel b Bracewell,15,12,25,2,1,125.00,64
Aiden Markram (c),b Shahbaz Ahmed,18,20,37,0,0,90.00,64
Heinrich Klaasen †,b Patel,104,51,62,8,6,203.92,64
Harry Brook,not out,27,19,37,2,1,142.10,64
Glenn Phillips,c Parnell b Mohammed Siraj,5,4,10,1,0,125.00,64
Prabhsimran Singh,c & b Boult,2,2,3,0,0,100.00,65
Shikhar Dhawan (c),lbw b Zampa,17,12,31,2,1,141.66,65
Atharva Taide,c Padikkal b Saini,19,12,19,3,1,158.33,65
Liam Livingstone,b Saini,9,13,16,1,0,69.23,65
Sam Curran,not out,49,31,72,4,2,158.06,65
Jitesh Sharma †,c sub (D Ferreira) b Saini,44,28,36,3,3,157.14,65
M Shahrukh Khan,not out,41,23,31,4,2,178.26,65
Ruturaj Gaikwad,c Rossouw b Sakariya,79,50,68,3,7,158.00,66
Devon Conway,c Aman Hakim Khan b Nortje,87,52,90,11,3,167.30,66
Shivam Dube,c Lalit Yadav b Ahmed,22,9,21,0,3,244.44,66
MS Dhoni (c)†,not out,5,4,14,0,0,125.00,66
Ravindra Jadeja,not out,20,7,12,3,1,285.71,66
Karan Sharma,c Thakur b Harshit Rana,3,5,15,0,0,60.00,67
Quinton de Kock †,c Russell b Varun,28,27,55,0,2,103.70,67
Prerak Mankad,c Harshit Rana b Arora,26,20,22,5,0,130.00,67
Marcus Stoinis,c Iyer b Arora,0,2,5,0,0,0.00,67
Krunal Pandya (c),c Singh b Narine,9,8,13,0,1,112.50,67
Ayush Badoni,c Thakur b Narine,25,21,42,2,1,119.04,67
Nicholas Pooran,c Iyer b Thakur,58,30,42,4,5,193.33,67
Krishnappa Gowtham,not out,11,4,9,1,1,275.00,67
Ravi Bishnoi,b Thakur,2,2,3,0,0,100.00,67
Naveen-ul-Haq,not out,2,3,3,0,0,66.66,67
Vivrant Sharma,c sub (Ramandeep Singh) b Madhwal,69,47,69,9,2,146.80,68
Mayank Agarwal,c †Ishan Kishan b Madhwal,83,46,84,8,4,180.43,68
Heinrich Klaasen †,b Madhwal,18,13,31,2,0,138.46,68
Glenn Phillips,c Kartikeya b Jordan,1,4,8,0,0,25.00,68
Aiden Markram (c),not out,13,7,19,0,1,185.71,68
Harry Brook,b Madhwal,0,1,2,0,0,0.00,68
Sanvir Singh,not out,4,3,8,1,0,133.33,68
Virat Kohli,not out,101,61,102,13,1,165.57,69
Faf du Plessis (c),c Tewatia b Noor Ahmad,28,19,35,5,0,147.36,69
Glenn Maxwell,b Rashid Khan,11,5,7,1,1,220.00,69
Mahipal Lomror,st †Saha b Noor Ahmad,1,3,5,0,0,33.33,69
Michael Bracewell,c & b Mohammed Shami,26,16,26,5,0,162.50,69
Dinesh Karthik,c †Saha b Yash Dayal,0,1,2,0,0,0.00,69
Anuj Rawat †,not out,23,15,30,1,1,153.33,69
Ruturaj Gaikwad,c Miller b Sharma,60,44,48,7,1,136.36,70
Devon Conway,c Rashid Khan b Mohammed Shami,40,34,74,4,0,117.64,70
Shivam Dube,b Noor Ahmad,1,3,4,0,0,33.33,70
Ajinkya Rahane,c Shubman Gill b Nalkande,17,10,15,0,1,170.00,70
Ambati Rayudu,c Shanaka b Rashid Khan,17,9,15,1,1,188.88,70
Ravindra Jadeja,b Mohammed Shami,22,16,25,2,0,137.50,70
MS Dhoni (c)†,c Pandya b Sharma,1,2,4,0,0,50.00,70
Moeen Ali,not out,9,4,7,0,1,225.00,70
Ishan Kishan †,c †Pooran b Yash Thakur,15,12,18,3,0,125.00,71
Rohit Sharma (c),c Badoni b Naveen-ul-Haq,11,10,11,1,1,110.00,71
Cameron Green,b Naveen-ul-Haq,41,23,38,6,1,178.26,71
Suryakumar Yadav,c Gowtham b Naveen-ul-Haq,33,20,29,2,2,165.00,71
Tilak Varma,c Hooda b Naveen-ul-Haq,26,22,43,0,2,118.18,71
Tim David,c Hooda b Yash Thakur,13,13,29,1,0,100.00,71
Nehal Wadhera,c Ravi Bishnoi b Yash Thakur,23,12,23,2,2,191.66,71
Chris Jordan,c Hooda b Mohsin Khan,4,7,7,0,0,57.14,71
Hrithik Shokeen,not out,0,1,6,0,0,0.00,71
Wriddhiman Saha †,st †Ishan Kishan b Chawla,18,16,31,3,0,112.50,72
Shubman Gill,c David b Madhwal,129,60,86,7,10,215.00,72
Sai Sudharsan,retired out,43,31,68,5,1,138.70,72
Hardik Pandya (c),not out,28,13,20,2,2,215.38,72
Rashid Khan,not out,5,2,6,1,0,250.00,72
Wriddhiman Saha †,c †Dhoni b Chahar,54,39,63,5,1,138.46,73
Shubman Gill,st †Dhoni b Jadeja,39,20,34,7,0,195.00,73
Sai Sudharsan,lbw b Pathirana,96,47,58,8,6,204.25,73
Hardik Pandya (c),not out,21,12,32,0,2,175.00,73
Rashid Khan,c Gaikwad b Pathirana,0,2,2,0,0,0.00,73
